{"editing":{"control":{"CenterContainer":8.03105366666666,"ControllerInfo":4.0425669365079,"ControllerInfoDisplay":383.459884619048,"GridContainer_player_icons":19.0809946666667,"HBoxContainer":8.02388888888888,"PlayerIcon":8.03525377777778,"PlayerIconContainer":558.415157301588,"Viewport_Tower_Builder":598.934689750361,"menu_main":163.807142333333,"menu_test_controllers":1401.24533715007,"view_tower_builder":2244.17770098411},"node2D":{"Block":4451.86164344974,"Collision_Block":133.680713634923,"tower_builder":180.902031},"node3D":{},"object":{"Node":5.04897711111109,"UI_manager":538.409946761905,"ui_manager":395.623952936508,"unknown_node":3.00790366666668,"view_manager":965.907396724866},"script":{"":93.392388555555,"res://Debug.gd":222.993493920635,"res://Game_Director.gd":1988.32228197354,"res://Global.gd":6.0118329047619,"res://Globals/Debug.gd":38.3288970634921,"res://Globals/PlayerData.gd":2395.03806974122,"res://Globals/PlayerInput.gd":1525.03455997816,"res://Player.gd":1890.08775367677,"res://Player.tres::GDScript_k22di":138.551476444444,"res://PlayerInput.gd":18.1343807777777,"res://Players.gd":187.644455555555,"res://blocks/block.gd":819.128614407407,"res://debug_grid.gd":19.1446908888889,"res://grid_container_player_icons.gd":1229.39735812895,"res://label_fps.gd":44.421414015873,"res://menu_class.gd":149.628222603175,"res://player_icon_container.gd":2101.62457312698,"res://player_input.gd":38.1167541111111,"res://tower_builder.gd":1457.89324208864,"res://ui_elements/controller_info_display.gd":296.440702238095,"res://ui_manager.gd":487.017388296296,"res://view_manager.gd":3427.14733853966,"res://view_tower_builder.gd":1579.6922837619,"res://views/menus/menu_main.gd":428.67290257143,"res://views/menus/menu_test_controllers.gd":3267.9868142097,"res://views/ui_manager.gd":1697.47364992063,"unknown_file":125.446028444445}},"other":130.518665111111,"outside":30779.0449115518,"playing":35562.866562458}
