{"editing":{"control":{"CenterContainer":8.03105366666666,"GridContainer_player_icons":7.03009233333337,"PlayerIcon":8.03525377777778,"PlayerIconContainer":530.320587777778,"Viewport_Tower_Builder":592.915773305916,"menu_main":163.807142333333,"menu_test_controllers":79.3673330370369,"view_tower_builder":2241.16263453967},"node2D":{"Block":67.2227314497354,"Collision_Block":5.01416666666666,"tower_builder":109.440804},"node3D":{},"object":{"Node":5.04897711111109,"UI_manager":538.409946761905,"ui_manager":6.02012977777778,"unknown_node":3.00790366666668,"view_manager":965.907396724866},"script":{"":93.392388555555,"res://Debug.gd":222.993493920635,"res://Game_Director.gd":1000.65006408466,"res://Global.gd":6.0118329047619,"res://Globals/Debug.gd":6.02753577777777,"res://Globals/PlayerData.gd":2352.87939074122,"res://Globals/PlayerInput.gd":1395.33765342261,"res://Player.gd":1623.20246488312,"res://Player.tres::GDScript_k22di":138.551476444444,"res://PlayerInput.gd":18.1343807777777,"res://Players.gd":187.644455555555,"res://blocks/block.gd":599.199793629629,"res://grid_container_player_icons.gd":1229.39735812895,"res://label_fps.gd":38.3987504603174,"res://menu_class.gd":149.628222603175,"res://player_icon_container.gd":1927.93517474603,"res://player_input.gd":38.1167541111111,"res://tower_builder.gd":973.968341739442,"res://ui_manager.gd":487.017388296296,"res://view_manager.gd":3427.14733853966,"res://view_tower_builder.gd":1295.65693806349,"res://views/menus/menu_main.gd":367.384561111112,"res://views/menus/menu_test_controllers.gd":2273.43943041798,"unknown_file":125.446028444445}},"other":130.518665111111,"outside":26824.2696533819,"playing":29625.0891094649}
