{"editing":{"control":{"BuildVersionManagerDock":1566.06494024802,"CenterContainer":8.03105366666666,"ControllerInfo":4.0425669365079,"ControllerInfoDisplay":383.459884619048,"DetailTimeTrackerDock":93.3734158888888,"GridContainer_player_icons":19.0809946666667,"HBoxContainer":8.02388888888888,"PlayerIcon":8.03525377777778,"PlayerIconContainer":558.415157301588,"Viewport_Tower_Builder":603.016689417028,"menu_main":163.807142333333,"menu_test_controllers":1401.24533715007,"view_tower_builder":2259.26292365078},"node2D":{"Block":4451.86164344974,"Collision_Block":133.680713634923,"tower_builder":188.930873888889},"node3D":{},"object":{"BuildVersion":19.11156,"Node":5.04897711111109,"UI_manager":538.409946761905,"ui_manager":754.317806095239,"unknown_node":13.0407138888889,"view_manager":965.907396724866},"script":{"":110.461737222222,"res://Debug.gd":222.993493920635,"res://Game_Director.gd":2307.61411768783,"res://Global.gd":6.0118329047619,"res://Globals/Debug.gd":38.3288970634921,"res://Globals/PlayerData.gd":2395.03806974122,"res://Globals/PlayerInput.gd":1525.03455997816,"res://Player.gd":1890.08775367677,"res://Player.tres::GDScript_k22di":138.551476444444,"res://PlayerInput.gd":18.1343807777777,"res://Players.gd":187.644455555555,"res://addons/build_version_manager/BuildVersion.gd":534.358805171282,"res://addons/build_version_manager/BuildVersionManager.gd":42.1422583492063,"res://addons/build_version_manager/Version.gd":157.779965444444,"res://addons/build_version_manager/VersionList.gd":44.1848384444445,"res://addons/build_version_manager/build_version_manager.gd":5868.33831183265,"res://addons/build_version_manager/build_version_manager_dock.gd":3753.4390990314,"res://addons/build_version_manager/detail_time_tracker_dock.gd":88.4211229841269,"res://addons/detail_time_tracker/Version.gd":63.2220819841269,"res://addons/detail_time_tracker/detail_time_tracker.gd":60.246379079365,"res://addons/detail_time_tracker/detail_time_tracker_dock.gd":162.829739088556,"res://blocks/block.gd":819.128614407407,"res://debug_grid.gd":19.1446908888889,"res://grid_container_player_icons.gd":1229.39735812895,"res://label_fps.gd":44.421414015873,"res://menu_class.gd":149.628222603175,"res://player_icon_container.gd":2101.62457312698,"res://player_input.gd":38.1167541111111,"res://tower_builder.gd":1457.89324208864,"res://ui_elements/controller_info_display.gd":296.440702238095,"res://ui_elements/label_version.gd":369.820460984126,"res://ui_manager.gd":487.017388296296,"res://view_manager.gd":3427.14733853966,"res://view_tower_builder.gd":1579.6922837619,"res://views/label_fps.gd":10.0388637777778,"res://views/menus/menu_main.gd":671.67441009524,"res://views/menus/menu_test_controllers.gd":3283.03971609859,"res://views/ui_manager.gd":2179.23416882539,"unknown_file":757.403664070461}},"other":130.518665111111,"outside":36355.091608265,"playing":43107.857637565}
