{"editing":{"control":{"CenterContainer":8.03105366666666,"GridContainer_player_icons":1.00694444444444,"PlayerIcon":8.03525377777778,"PlayerIconContainer":427.865440444444,"Viewport_Tower_Builder":514.602564607503,"menu_main":147.759095666667,"menu_test_controllers":79.3673330370369,"view_tower_builder":1695.01007557142},"node2D":{"Block":14.0459998095238,"Collision_Block":5.01416666666666,"tower_builder":109.440804},"node3D":{},"object":{"Node":5.04897711111109,"UI_manager":538.409946761905,"unknown_node":3.00790366666668,"view_manager":894.656387312168},"script":{"":93.392388555555,"res://Debug.gd":222.993493920635,"res://Game_Director.gd":1000.65006408466,"res://Global.gd":6.0118329047619,"res://Globals/Debug.gd":6.02753577777777,"res://Globals/PlayerData.gd":1929.6489908153,"res://Globals/PlayerInput.gd":1392.32435442261,"res://Player.gd":1341.03031034344,"res://Player.tres::GDScript_k22di":138.551476444444,"res://PlayerInput.gd":18.1343807777777,"res://Players.gd":187.644455555555,"res://blocks/block.gd":359.321176603174,"res://grid_container_player_icons.gd":1094.68825725593,"res://label_fps.gd":38.3987504603174,"res://menu_class.gd":117.528826825397,"res://player_icon_container.gd":1402.77689196825,"res://player_input.gd":38.1167541111111,"res://tower_builder.gd":570.355228908755,"res://ui_manager.gd":216.857827666667,"res://view_manager.gd":2411.955673873,"res://views/menus/menu_main.gd":261.010867,"res://views/menus/menu_test_controllers.gd":1726.89536419576,"unknown_file":125.446028444445}},"other":130.518665111111,"outside":11031.8831780972,"playing":26212.4874992623}
