{"editing":{"control":{"Viewport_Tower_Builder":417.232308686868,"view_tower_builder":260.186837365079},"node2D":{"Block":9.02433803174602,"tower_builder":105.428310888889},"node3D":{},"object":{},"script":{"res://Debug.gd":222.993493920635,"res://blocks/block.gd":70.237872047619,"res://label_fps.gd":38.3987504603174,"unknown_file":68.2214045555554}},"other":130.518665111111,"outside":1182.52282887302,"playing":1675.87142583693}
