{"editing":{"control":{"BuildVersionManagerDock":1600.23569497818,"CenterContainer":8.03105366666666,"ControllerInfo":4.0425669365079,"ControllerInfoDisplay":383.459884619048,"DetailTimeTrackerDock":93.3734158888888,"GridContainer_player_icons":19.0809946666667,"HBoxContainer":8.02388888888888,"Next_Piece_Display":126.790785148148,"PlayerIcon":8.03525377777778,"PlayerIconContainer":560.423878444445,"Viewport_Tower_Builder":807.860547099568,"menu_main":163.807142333333,"menu_test_controllers":1401.24533715007,"view_tower_builder":2436.53855824434},"node2D":{"Block":4564.36434189418,"Collision_Block":133.680713634923,"tower_builder":192.952605111111},"node3D":{},"object":{"BuildVersion":19.11156,"Node":5.04897711111109,"UI_manager":538.409946761905,"ui_manager":876.797870904762,"unknown_node":13.0407138888889,"view_manager":965.907396724866},"script":{"":110.461737222222,"res://Debug.gd":222.993493920635,"res://Game_Director.gd":5995.61711088885,"res://Global.gd":6.0118329047619,"res://Globals/Debug.gd":1012.59485131842,"res://Globals/PlayerData.gd":2802.01103502694,"res://Globals/PlayerInput.gd":1556.18161808927,"res://Globals/profiler.gd":8.02786794949495,"res://Player.gd":3215.28688710534,"res://Player.tres::GDScript_k22di":138.551476444444,"res://PlayerInput.gd":18.1343807777777,"res://Players.gd":187.644455555555,"res://addons/build_version_manager/BuildVersion.gd":756.229601119705,"res://addons/build_version_manager/BuildVersionManager.gd":42.1422583492063,"res://addons/build_version_manager/Version.gd":157.779965444444,"res://addons/build_version_manager/VersionList.gd":44.1848384444445,"res://addons/build_version_manager/build_version_export.gd":273.116349194459,"res://addons/build_version_manager/build_version_manager.gd":7031.47666340767,"res://addons/build_version_manager/build_version_manager_dock.gd":4465.51319594798,"res://addons/build_version_manager/detail_time_tracker_dock.gd":88.4211229841269,"res://addons/detail_time_tracker/Version.gd":63.2220819841269,"res://addons/detail_time_tracker/detail_time_tracker.gd":153.846966793651,"res://addons/detail_time_tracker/detail_time_tracker_dock.gd":423.98920449131,"res://blocks/block.gd":878.367700962963,"res://debug_grid.gd":19.1446908888889,"res://grid_container_player_icons.gd":1229.39735812895,"res://label_fps.gd":44.421414015873,"res://menu_class.gd":149.628222603175,"res://player_icon_container.gd":2101.62457312698,"res://player_input.gd":38.1167541111111,"res://tower_builder.gd":3573.68274907209,"res://ui_elements/controller_info_display.gd":296.440702238095,"res://ui_elements/grid_container_player_icons.gd":39.2222222222222,"res://ui_elements/label_version.gd":438.045244049589,"res://ui_elements/next_piece_display.gd":93.521471720539,"res://ui_elements/player_icon_container.gd":543.36658590909,"res://ui_manager.gd":487.017388296296,"res://view_manager.gd":3427.14733853966,"res://view_tower_builder.gd":2122.73249853968,"res://views/label_fps.gd":16.0683581212122,"res://views/menus/menu_main.gd":671.67441009524,"res://views/menus/menu_test_controllers.gd":3291.05852176526,"res://views/ui_manager.gd":2322.00818191072,"unknown_file":869.866548250995}},"other":659.328944936513,"outside":39364.8632253291,"playing":55834.7060483754}
